Bubble sort;
100;0.00184s
1000;0.189s
10000;20.2929s
insertion sort;
100;0.00078s
1000;0.0323s
10000;2.8383s
shell sort;
100;0.00056s
1000;0.0059s
10000;0.159s