heap sort;
100;0.000881s
1000;0.01073s
10000;0.1488s
100000;1.7927s
1000000;21.705s
;
selection sort;
100;0.000749s
1000;0.05974s
10000;5.8735s
100000;>120s
1000000;inf